drug_id,display_name,aliases,smiles,inchikey,inchikey_block
abiraterone,abiraterone,abiraterone,C[C@]12CC[C@H](O)CC1=CC[C@@H]1[C@@H]2CC[C@]2(C)C(c3cccnc3)=CC[C@@H]12,GZOSMCIZMLWJML-VJLLXTKPSA-N,GZOSMCIZMLWJML
acetaminophen,acetaminophen,acetaminophen|panadol|paracetamol|tylenol,CC(=O)Nc1ccc(O)cc1,RZVAJINKPMORJF-UHFFFAOYSA-N,RZVAJINKPMORJF
acyclovir,acyclovir,acyclovir,Nc1nc2c(ncn2COCCO)c(=O)[nH]1,MKUXAQIIEYXACX-UHFFFAOYSA-N,MKUXAQIIEYXACX
adagrasib,adagrasib,adagrasib,C=C(F)C(=O)N1CCN(c2nc(OC[C@@H]3CCCN3C)nc3c2CCN(c2cccc4cccc(Cl)c24)C3)C[C@@H]1CC#N,PEMUGDMSUDYLHU-ZEQRLZLVSA-N,PEMUGDMSUDYLHU
adefovir,adefovir,adefovir,Nc1ncnc2c1ncn2CCOCP(=O)(O)O,SUPKOOSCJHTBAH-UHFFFAOYSA-N,SUPKOOSCJHTBAH
adefovir_dipivoxil,adefovir dipivoxil,adefovir dipivoxil|adefovir_dipivoxil,CC(C)(C)C(=O)OCOP(=O)(COCCn1cnc2c(N)ncnc21)OCOC(=O)C(C)(C)C,WOZSCQDILHKSGG-UHFFFAOYSA-N,WOZSCQDILHKSGG
albuterol,albuterol,albuterol|proair|salbutamol|ventolin,CC(C)(C)NCC(O)c1ccc(O)c(CO)c1,NDAUXUAQIAJITI-UHFFFAOYSA-N,NDAUXUAQIAJITI
alfentanil,alfentanil,alfentanil,CCC(=O)N(c1ccccc1)C1(COC)CCN(CCn2nnn(CC)c2=O)CC1,IDBPHNDTYPBSNI-UHFFFAOYSA-N,IDBPHNDTYPBSNI
allopurinol,allopurinol,allopurinol,O=c1[nH]cnc2[nH]ncc12,OFCNXPDARWKPPY-UHFFFAOYSA-N,OFCNXPDARWKPPY
alosetron,alosetron,alosetron,Cc1[nH]cnc1CN1CCc2c(c3ccccc3n2C)C1=O,JSWZEAMFRNKZNL-UHFFFAOYSA-N,JSWZEAMFRNKZNL
alprazolam,alprazolam,alprazolam|xanax,Cc1nnc2n1-c1ccc(Cl)cc1C(c1ccccc1)=NC2,VREFGVBLTWBCJP-UHFFFAOYSA-N,VREFGVBLTWBCJP
amiodarone,amiodarone,amiodarone,CCCCc1oc2ccccc2c1C(=O)c1cc(I)c(OCCN(CC)CC)c(I)c1,IYIKLHRQXLHMJQ-UHFFFAOYSA-N,IYIKLHRQXLHMJQ
amlodipine,amlodipine,amlodipine|norvasc,CCOC(=O)C1=C(COCCN)NC(C)=C(C(=O)OC)C1c1ccccc1Cl,HTIQEAQVCYTUBX-UHFFFAOYSA-N,HTIQEAQVCYTUBX
amoxicillin,amoxicillin,amoxicillin|amoxil,CC1(C)S[C@@H]2[C@H](NC(=O)[C@H](N)c3ccc(O)cc3)C(=O)N2[C@H]1C(=O)O,LSQZJLSUYDQPKJ-NJBDSQKTSA-N,LSQZJLSUYDQPKJ
apalutamide,apalutamide,apalutamide,CNC(=O)c1ccc(N2C(=S)N(c3cnc(C#N)c(C(F)(F)F)c3)C(=O)C23CCC3)cc1F,HJBWBFZLDZWPHF-UHFFFAOYSA-N,HJBWBFZLDZWPHF
apixaban,apixaban,apixaban|eliquis,COc1ccc(-n2nc(C(N)=O)c3c2C(=O)N(c2ccc(N4CCCCC4=O)cc2)CC3)cc1,QNZCBYKSOIHPEH-UHFFFAOYSA-N,QNZCBYKSOIHPEH
aprepitant,aprepitant,aprepitant,C[C@@H](O[C@H]1OCCN(Cc2n[nH]c(=O)[nH]2)[C@H]1c1ccc(F)cc1)c1cc(C(F)(F)F)cc(C(F)(F)F)c1,ATALOFNDEOCMKK-OITMNORJSA-N,ATALOFNDEOCMKK
aripiprazole,aripiprazole,abilify|aripiprazole,O=C1CCc2ccc(OCCCCN3CCN(c4cccc(Cl)c4Cl)CC3)cc2N1,CEUORZQYGODEFX-UHFFFAOYSA-N,CEUORZQYGODEFX
armodafinil,armodafinil,armodafinil,NC(=O)C[S@@](=O)C(c1ccccc1)c1ccccc1,YFGHCGITMMYXAQ-LJQANCHMSA-N,YFGHCGITMMYXAQ
aspirin,aspirin,acetylsalicylic acid|aspirin|bayer aspirin,CC(=O)Oc1ccccc1C(=O)O,BSYNRYMUTXBXSQ-UHFFFAOYSA-N,BSYNRYMUTXBXSQ
astemizole,astemizole,astemizole,COc1ccc(CCN2CCC(Nc3nc4ccccc4n3Cc3ccc(F)cc3)CC2)cc1,GXDALQBWZGODGZ-UHFFFAOYSA-N,GXDALQBWZGODGZ
atazanavir,atazanavir,atazanavir,COC(=O)N[C@H](C(=O)N[C@@H](Cc1ccccc1)[C@@H](O)CN(Cc1ccc(-c2ccccn2)cc1)NC(=O)[C@@H](NC(=O)OC)C(C)(C)C)C(C)(C)C,AXRYRYVKAWYZBR-GASGPIRDSA-N,AXRYRYVKAWYZBR
atomoxetine,atomoxetine,atomoxetine,CNCC[C@@H](Oc1ccccc1C)c1ccccc1,VHGCDTVCOLNTBX-QGZVFWFLSA-N,VHGCDTVCOLNTBX
atorvastatin,atorvastatin,atorvastatin|lipitor,CC(C)c1c(C(=O)Nc2ccccc2)c(-c2ccccc2)c(-c2ccc(F)cc2)n1CC[C@@H](O)C[C@@H](O)CC(=O)O,XUKUURHRXDUEBC-KAYWLYCHSA-N,XUKUURHRXDUEBC
avanafil,avanafil,avanafil,COc1ccc(CNc2nc(N3CCC[C@H]3CO)ncc2C(=O)NCc2ncccn2)cc1Cl,WEAJZXNPAWBCOA-INIZCTEOSA-N,WEAJZXNPAWBCOA
azithromycin,azithromycin,azithromycin|z-pak|zithromax,CC[C@H]1OC(=O)[C@H](C)[C@@H](O[C@H]2C[C@@](C)(OC)[C@@H](O)[C@H](C)O2)[C@H](C)[C@@H](O[C@@H]2O[C@H](C)C[C@H](N(C)C)[C@H]2O)[C@](C)(O)C[C@@H](C)CN(C)[C@H](C)[C@@H](O)[C@]1(C)O,MQTOSJVFKKJCRP-BICOPXKESA-N,MQTOSJVFKKJCRP
baricitinib,baricitinib,baricitinib,CCS(=O)(=O)N1CC(CC#N)(n2cc(-c3ncnc4[nH]ccc34)cn2)C1,XUZMWHLSFXCVMG-UHFFFAOYSA-N,XUZMWHLSFXCVMG
belumosudil,belumosudil,2-(3-(4-(1h-indazol-5-ylamino)-2-quinazolinyl)phenoxy)-n-(1-methylethyl)acetamide|belumosudil,CC(C)NC(=O)COc1cccc(-c2nc(Nc3ccc4[nH]ncc4c3)c3ccccc3n2)c1,GKHIVNAUVKXIIY-UHFFFAOYSA-N,GKHIVNAUVKXIIY
bosentan,bosentan,bosentan,COc1ccccc1Oc1c(NS(=O)(=O)c2ccc(C(C)(C)C)cc2)nc(-c2ncccn2)nc1OCCO,GJPICJJJRGTNOD-UHFFFAOYSA-N,GJPICJJJRGTNOD
brigatinib,brigatinib,brigatinib,COc1cc(N2CCC(N3CCN(C)CC3)CC2)ccc1Nc1ncc(Cl)c(Nc2ccccc2P(C)(C)=O)n1,AILRADAXUVEEIR-UHFFFAOYSA-N,AILRADAXUVEEIR
bromhexine,bromhexine,bromhexine,CN(Cc1cc(Br)cc(Br)c1N)C1CCCCC1,OJGDCBLYJGHCIH-UHFFFAOYSA-N,OJGDCBLYJGHCIH
budesonide,budesonide,budesonide,CCCC1O[C@@H]2C[C@H]3[C@@H]4CCC5=CC(=O)C=C[C@]5(C)[C@H]4[C@@H](O)C[C@]3(C)[C@]2(C(=O)CO)O1,VOVIALXJUBGFJZ-KWVAZRHASA-N,VOVIALXJUBGFJZ
bumetanide,bumetanide,bumetanide,CCCCNc1cc(C(=O)O)cc(S(N)(=O)=O)c1Oc1ccccc1,MAEIEVLCKWDQJH-UHFFFAOYSA-N,MAEIEVLCKWDQJH
bupropion,bupropion,bupropion|wellbutrin|zyban,CC(NC(C)(C)C)C(=O)c1cccc(Cl)c1,SNPPWIUOZRMYNY-UHFFFAOYSA-N,SNPPWIUOZRMYNY
buspirone,buspirone,buspirone,O=C1CC2(CCCC2)CC(=O)N1CCCCN1CCN(c2ncccn2)CC1,QWCRAEMEVRGPNT-UHFFFAOYSA-N,QWCRAEMEVRGPNT
caffeine,caffeine,caffeine|no-doz,Cn1c(=O)c2c(ncn2C)n(C)c1=O,RYYVLZVUVIJVGH-UHFFFAOYSA-N,RYYVLZVUVIJVGH
candesartan_cilexetil,candesartan cilexetil,candesartan cilexetil|candesartan_cilexetil,CCOc1nc2cccc(C(=O)OC(C)OC(=O)OC3CCCCC3)c2n1Cc1ccc(-c2ccccc2-c2nn[nH]n2)cc1,GHOSNRCGJFBJIB-UHFFFAOYSA-N,GHOSNRCGJFBJIB
capmatinib,capmatinib,capmatinib,CNC(=O)c1ccc(-c2cnc3ncc(Cc4ccc5ncccc5c4)n3n2)cc1F,LIOLIMKSCNQPLV-UHFFFAOYSA-N,LIOLIMKSCNQPLV
carbamazepine,carbamazepine,carbamazepine|tegretol,NC(=O)N1c2ccccc2C=Cc2ccccc21,FFGPTBGBLSHEPO-UHFFFAOYSA-N,FFGPTBGBLSHEPO
cefaclor,cefaclor,cefaclor,N[C@@H](C(=O)N[C@@H]1C(=O)N2C(C(=O)O)=C(Cl)CS[C@H]12)c1ccccc1,QYIYFLOTGYLRGG-GPCCPHFNSA-N,QYIYFLOTGYLRGG
ceftizoxime,ceftizoxime,ceftizoxime,CO/N=C(\C(=O)N[C@@H]1C(=O)N2C(C(=O)O)=CCS[C@H]12)c1csc(N)n1,NNULBSISHYWZJU-LLKWHZGFSA-N,NNULBSISHYWZJU
celecoxib,celecoxib,celecoxib,Cc1ccc(-c2cc(C(F)(F)F)nn2-c2ccc(S(N)(=O)=O)cc2)cc1,RZEKVGVHFLEQIL-UHFFFAOYSA-N,RZEKVGVHFLEQIL
cenobamate,cenobamate,cenobamate,NC(=O)O[C@@H](Cn1ncnn1)c1ccccc1Cl,GFHAXPJGXSQLPT-VIFPVBQESA-N,GFHAXPJGXSQLPT
ceritinib,ceritinib,ceritinib,Cc1cc(Nc2ncc(Cl)c(Nc3ccccc3S(=O)(=O)C(C)C)n2)c(OC(C)C)cc1C1CCNCC1,VERWOWGGCGHDQE-UHFFFAOYSA-N,VERWOWGGCGHDQE
cetirizine,cetirizine,cetirizine|zyrtec,O=C(O)COCCN1CCN(C(c2ccccc2)c2ccc(Cl)cc2)CC1,ZKLPARSLTMPFCP-UHFFFAOYSA-N,ZKLPARSLTMPFCP
chlorzoxazone,chlorzoxazone,chlorzoxazone,O=c1[nH]c2cc(Cl)ccc2o1,TZFWDZFKRBELIQ-UHFFFAOYSA-N,TZFWDZFKRBELIQ
cilostazol,cilostazol,cilostazol,O=C1CCc2cc(OCCCCc3nnnn3C3CCCCC3)ccc2N1,RRGUKTPIGVIEKM-UHFFFAOYSA-N,RRGUKTPIGVIEKM
cimetidine,cimetidine,cimetidine,CN=C(NC#N)NCCSCc1nc[nH]c1C,AQIXAKUUQRKLND-UHFFFAOYSA-N,AQIXAKUUQRKLND
cinacalcet,cinacalcet,cinacalcet|sensipar,C[C@@H](NCCCc1cccc(C(F)(F)F)c1)c1cccc2ccccc12,VDHAWDNDOKGFTD-MRXNPFEDSA-N,VDHAWDNDOKGFTD
ciprofloxacin,ciprofloxacin,cipro|ciprofloxacin,O=C(O)c1cn(C2CC2)c2cc(N3CCNCC3)c(F)cc2c1=O,MYSWGUAQZAJSOK-UHFFFAOYSA-N,MYSWGUAQZAJSOK
cisapride,cisapride,cisapride|propulsid,COc1cc(N)c(Cl)cc1C(=O)N[C@@H]1CCN(CCCOc2ccc(F)cc2)C[C@@H]1OC,DCSUBABJRXZOMT-IRLDBZIGSA-N,DCSUBABJRXZOMT
citalopram,citalopram,celexa|citalopram,CN(C)CCCC1(c2ccc(F)cc2)OCc2cc(C#N)ccc21,WSEQXVZVJXJVFP-UHFFFAOYSA-N,WSEQXVZVJXJVFP
clarithromycin,clarithromycin,biaxin|clarithromycin,CC[C@H]1OC(=O)[C@H](C)[C@@H](O[C@H]2C[C@@](C)(OC)[C@@H](O)[C@H](C)O2)[C@H](C)[C@@H](O[C@@H]2O[C@H](C)C[C@H](N(C)C)[C@H]2O)[C@](C)(OC)C[C@@H](C)C(=O)[C@H](C)[C@@H](O)[C@]1(C)O,AGOYDEPGAOXOCK-KCBOHYOISA-N,AGOYDEPGAOXOCK
clioquinol,clioquinol,clioquinol,Oc1c(I)cc(Cl)c2cccnc12,QCDFBFJGMNKBDO-UHFFFAOYSA-N,QCDFBFJGMNKBDO
clobazam,clobazam,clobazam,CN1C(=O)CC(=O)N(c2ccccc2)c2cc(Cl)ccc21,CXOXHMZGEKVPMT-UHFFFAOYSA-N,CXOXHMZGEKVPMT
clonazepam,clonazepam,clonazepam|klonopin,O=C1CN=C(c2ccccc2Cl)c2cc([N+](=O)[O-])ccc2N1,DGBIGWXXNGSACT-UHFFFAOYSA-N,DGBIGWXXNGSACT
clopidogrel,clopidogrel,clopidogrel|plavix,COC(=O)[C@H](c1ccccc1Cl)N1CCc2sccc2C1,GKTWGGQPFAXNFI-HNNXBMFYSA-N,GKTWGGQPFAXNFI
clotrimazole,clotrimazole,clotrimazole,Clc1ccccc1C(c1ccccc1)(c1ccccc1)n1ccnc1,VNFPBHJOKIVQEB-UHFFFAOYSA-N,VNFPBHJOKIVQEB
clozapine,clozapine,clozapine,CN1CCN(C2=Nc3cc(Cl)ccc3Nc3ccccc32)CC1,QZUDBNBUXVUHMW-UHFFFAOYSA-N,QZUDBNBUXVUHMW
cobicistat,cobicistat,cobicistat,CC(C)c1nc(CN(C)C(=O)N[C@@H](CCN2CCOCC2)C(=O)N[C@H](CC[C@H](Cc2ccccc2)NC(=O)OCc2cncs2)Cc2ccccc2)cs1,ZCIGNRJZKPOIKD-CQXVEOKZSA-N,ZCIGNRJZKPOIKD
colchicine,colchicine,colchicine,COc1cc2c(c(OC)c1OC)-c1ccc(OC)c(=O)cc1[C@@H](NC(C)=O)CC2,IAKHMKGGTNLKSZ-INIZCTEOSA-N,IAKHMKGGTNLKSZ
conivaptan,conivaptan,conivaptan,Cc1nc2c([nH]1)CCN(C(=O)c1ccc(NC(=O)c3ccccc3-c3ccccc3)cc1)c1ccccc1-2,IKENVDNFQMCRTR-UHFFFAOYSA-N,IKENVDNFQMCRTR
crizotinib,crizotinib,crizotinib,C[C@@H](Oc1cc(-c2cnn(C3CCNCC3)c2)cnc1N)c1c(Cl)ccc(F)c1Cl,KTEIFNKAUNYNJU-GFCCVEGCSA-N,KTEIFNKAUNYNJU
curcumin,curcumin,curcumin,COc1cc(/C=C/C(=O)CC(=O)/C=C/c2ccc(O)c(OC)c2)ccc1O,VFLDPWHFBUODDF-FCXRPNKRSA-N,VFLDPWHFBUODDF
cyclosporine,cyclosporine,ciclosporin|cyclosporin a|cyclosporine|neoral|sandimmune,C/C=C/C[C@@H](C)[C@@H](O)[C@H]1C(=O)N[C@@H](CC)C(=O)N(C)CC(=O)N(C)[C@@H](CC(C)C)C(=O)N[C@@H](C(C)C)C(=O)N(C)[C@@H](CC(C)C)C(=O)N[C@@H](C)C(=O)N[C@H](C)C(=O)N(C)[C@@H](CC(C)C)C(=O)N(C)[C@@H](CC(C)C)C(=O)N(C)[C@@H](C(C)C)C(=O)N1C,PMATZTZNYRCHOR-CGLBZJNRSA-N,PMATZTZNYRCHOR
dabigatran_etexilate,dabigatran etexilate,dabigatran etexilate|dabigatran etexilate mesylate|dabigatran_etexilate|dabigatran etexilate,CCCCCCOC(=O)NC(=N)c1ccc(NCc2nc3cc(C(=O)N(CCC(=O)OCC)c4ccccn4)ccc3n2C)cc1,KSGXQBZTULBEEQ-UHFFFAOYSA-N,KSGXQBZTULBEEQ
dabrafenib,dabrafenib,dabrafenib,CC(C)(C)c1nc(-c2cccc(NS(=O)(=O)c3c(F)cccc3F)c2F)c(-c2ccnc(N)n2)s1,BFSMGDJOXZAERB-UHFFFAOYSA-N,BFSMGDJOXZAERB
danicopan,danicopan,danicopan,CC(=O)c1nn(CC(=O)N2C[C@H](F)C[C@H]2C(=O)Nc2cccc(Br)n2)c2ccc(-c3cnc(C)nc3)cc12,PIBARDGJJAGJAJ-NQIIRXRSSA-N,PIBARDGJJAGJAJ
darifenacin,darifenacin,darifenacin|enablex,NC(=O)C(c1ccccc1)(c1ccccc1)[C@@H]1CCN(CCc2ccc3c(c2)CCO3)C1,HXGBXQDTNZMWGS-RUZDIDTESA-N,HXGBXQDTNZMWGS
darolutamide,darolutamide,darolutamide,CC(O)c1cc(C(=O)N[C@@H](C)Cn2ccc(-c3ccc(C#N)c(Cl)c3)n2)n[nH]1,BLIJXOOIHRSQRB-PXYINDEMSA-N,BLIJXOOIHRSQRB
darunavir,darunavir,darunavir,CC(C)CN(C[C@@H](O)[C@H](Cc1ccccc1)NC(=O)O[C@H]1CO[C@H]2OCC[C@H]21)S(=O)(=O)c1ccc(N)cc1,CJBJHOAVZSMMDJ-HEXNFIEUSA-N,CJBJHOAVZSMMDJ
dasatinib,dasatinib,dasatinib,Cc1nc(Nc2ncc(C(=O)Nc3c(C)cccc3Cl)s2)cc(N2CCN(CCO)CC2)n1,ZBNZXTGUTAYRHI-UHFFFAOYSA-N,ZBNZXTGUTAYRHI
deferasirox,deferasirox,deferasirox,O=C(O)c1ccc(-n2nc(-c3ccccc3O)nc2-c2ccccc2O)cc1,BOFQWVMAQOTZIW-UHFFFAOYSA-N,BOFQWVMAQOTZIW
desipramine,desipramine,desipramine|norpramin,CNCCCN1c2ccccc2CCc2ccccc21,HCYAFALTSJYZDH-UHFFFAOYSA-N,HCYAFALTSJYZDH
desloratadine,desloratadine,desloratadine,Clc1ccc2c(c1)CCc1cccnc1C2=C1CCNCC1,JAUOIFJMECXRGI-UHFFFAOYSA-N,JAUOIFJMECXRGI
dextromethorphan,dextromethorphan,dextromethorphan,COc1ccc2c(c1)[C@]13CCCC[C@@H]1[C@H](C2)N(C)CC3,MKXZASYAUGDDCJ-NJAFHUGGSA-N,MKXZASYAUGDDCJ
diazepam,diazepam,diazepam,CN1C(=O)CN=C(c2ccccc2)c2cc(Cl)ccc21,AAOVKJBEBIDNHE-UHFFFAOYSA-N,AAOVKJBEBIDNHE
diethylstilbestrol,diethylstilbestrol,diethylstilbestrol,CC/C(=C(/CC)c1ccc(O)cc1)c1ccc(O)cc1,RGLYKWWBQGJZGM-ISLYRVAYSA-N,RGLYKWWBQGJZGM
digoxin,digoxin,digoxin,C[C@H]1O[C@@H](O[C@H]2[C@@H](O)C[C@H](O[C@H]3[C@@H](O)C[C@H](O[C@H]4CC[C@@]5(C)[C@H](CC[C@@H]6[C@@H]5C[C@@H](O)[C@]5(C)[C@@H](C7=CC(=O)OC7)CC[C@]65O)C4)O[C@@H]3C)O[C@@H]2C)C[C@H](O)[C@@H]1O,LTMHDMANZUZIPE-PUGKRICDSA-N,LTMHDMANZUZIPE
diltiazem,diltiazem,cardizem|diltiazem|tiazac,COc1ccc([C@@H]2Sc3ccccc3N(CCN(C)C)C(=O)[C@@H]2OC(C)=O)cc1,HSUGRBWQSSZJOP-RTWAWAEBSA-N,HSUGRBWQSSZJOP
diosmin,diosmin,diosmin,COc1ccc(-c2cc(=O)c3c(O)cc(O[C@@H]4O[C@H](CO[C@@H]5O[C@@H](C)[C@H](O)[C@@H](O)[C@H]5O)[C@@H](O)[C@H](O)[C@H]4O)cc3o2)cc1O,GZSOSUNBTXMUFQ-YFAPSIMESA-N,GZSOSUNBTXMUFQ
diphenhydramine,diphenhydramine,benadryl|diphenhydramine,CN(C)CCOC(c1ccccc1)c1ccccc1,ZZVUWRFHKOJYTH-UHFFFAOYSA-N,ZZVUWRFHKOJYTH
dipyridamole,dipyridamole,dipyridamole,OCCN(CCO)c1nc(N2CCCCC2)c2nc(N(CCO)CCO)nc(N3CCCCC3)c2n1,IZEKFCXSFNUWAM-UHFFFAOYSA-N,IZEKFCXSFNUWAM
disulfiram,disulfiram,disulfiram,CCN(CC)C(=S)SSC(=S)N(CC)CC,AUZONCFQVSMFAP-UHFFFAOYSA-N,AUZONCFQVSMFAP
docetaxel,docetaxel,docetaxel,CC(=O)O[C@@]12CO[C@@H]1C[C@H](O)[C@@]1(C)C(=O)[C@H](O)C3=C(C)[C@@H](OC(=O)[C@H](O)[C@@H](NC(=O)OC(C)(C)C)c4ccccc4)C[C@@](O)([C@@H](OC(=O)c4ccccc4)[C@H]21)C3(C)C,ZDZOTLJHXYCWBA-VCVYQWHSSA-N,ZDZOTLJHXYCWBA
dolutegravir,dolutegravir,dolutegravir,C[C@@H]1CCO[C@H]2Cn3cc(C(=O)NCc4ccc(F)cc4F)c(=O)c(O)c3C(=O)N12,RHWKPHLQXYSBKR-BMIGLBTASA-N,RHWKPHLQXYSBKR
doxorubicin,doxorubicin,doxorubicin,COc1cccc2c1C(=O)c1c(O)c3c(c(O)c1C2=O)C[C@@](O)(C(=O)CO)C[C@@H]3O[C@H]1C[C@H](N)[C@H](O)[C@H](C)O1,AOJJSUZBOXZQNB-TZSSRYMLSA-N,AOJJSUZBOXZQNB
dronedarone,dronedarone,dronedarone,CCCCc1oc2ccc(NS(C)(=O)=O)cc2c1C(=O)c1ccc(OCCCN(CCCC)CCCC)cc1,ZQTNQVWKHCQYLQ-UHFFFAOYSA-N,ZQTNQVWKHCQYLQ
duloxetine,duloxetine,cymbalta|duloxetine,CNCC[C@H](Oc1cccc2ccccc12)c1cccs1,ZEUITGRIYCTCEM-KRWDZBQOSA-N,ZEUITGRIYCTCEM
edoxaban,edoxaban,edoxaban,CN1CCc2nc(C(=O)N[C@@H]3C[C@@H](C(=O)N(C)C)CC[C@@H]3NC(=O)C(=O)Nc3ccc(Cl)cn3)sc2C1,HGVDHZBSSITLCT-JLJPHGGASA-N,HGVDHZBSSITLCT
efavirenz,efavirenz,efavirenz,O=C1Nc2ccc(Cl)cc2[C@@](C#CC2CC2)(C(F)(F)F)O1,XPOQHMRABVBWPR-ZDUSSCGKSA-N,XPOQHMRABVBWPR
elagolix,elagolix,elagolix,COc1cccc(-c2c(C)n(Cc3c(F)cccc3C(F)(F)F)c(=O)n(C[C@H](NCCCC(=O)O)c3ccccc3)c2=O)c1F,HEAUOKZIVMZVQL-VWLOTQADSA-N,HEAUOKZIVMZVQL
eletriptan,eletriptan,eletriptan,CN1CCC[C@@H]1Cc1c[nH]c2ccc(CCS(=O)(=O)c3ccccc3)cc12,PWVXXGRKLHYWKM-LJQANCHMSA-N,PWVXXGRKLHYWKM
eliglustat,eliglustat,"eliglustat|n-((1r,2r)-2-(2,3-dihydro-1,4-benzodioxin-6-yl)-2-hydroxy-1-(1-pyrrolidinylmethyl)ethyl)octanamide",CCCCCCCC(=O)N[C@H](CN1CCCC1)[C@H](O)c1ccc2c(c1)OCCO2,FJZZPCZKBUKGGU-AUSIDOKSSA-N,FJZZPCZKBUKGGU
eltrombopag,eltrombopag,eltrombopag,Cc1ccc(-n2[nH]c(C)c(N=Nc3cccc(-c4cccc(C(=O)O)c4)c3O)c2=O)cc1C,SVOQIEJWJCQGDQ-UHFFFAOYSA-N,SVOQIEJWJCQGDQ
entrectinib,entrectinib,entrectinib,CN1CCN(c2ccc(C(=O)Nc3n[nH]c4ccc(Cc5cc(F)cc(F)c5)cc34)c(NC3CCOCC3)c2)CC1,HAYYBYPASCDWEQ-UHFFFAOYSA-N,HAYYBYPASCDWEQ
enzalutamide,enzalutamide,enzalutamide,CNC(=O)c1ccc(N2C(=S)N(c3ccc(C#N)c(C(F)(F)F)c3)C(=O)C2(C)C)cc1F,WXCXUHSOUPDCQV-UHFFFAOYSA-N,WXCXUHSOUPDCQV
eplerenone,eplerenone,eplerenone,COC(=O)[C@@H]1CC2=CC(=O)CC[C@]2(C)[C@@]23O[C@@H]2C[C@@]2(C)[C@@H](CC[C@@]24CCC(=O)O4)[C@H]13,JUKPWJGBANNWMW-VWBFHTRKSA-N,JUKPWJGBANNWMW
erythromycin,erythromycin,erythromycin,CC[C@H]1OC(=O)[C@H](C)[C@@H](O[C@H]2C[C@@](C)(OC)[C@@H](O)[C@H](C)O2)[C@H](C)[C@@H](O[C@@H]2O[C@H](C)C[C@H](N(C)C)[C@H]2O)[C@](C)(O)C[C@@H](C)C(=O)[C@H](C)[C@@H](O)[C@]1(C)O,ULGZDMOVFRHVEP-RWJQBGPGSA-N,ULGZDMOVFRHVEP
escitalopram,escitalopram,cipralex|escitalopram|lexapro,CN(C)CCC[C@@]1(c2ccc(F)cc2)OCc2cc(C#N)ccc21,WSEQXVZVJXJVFP-FQEVSTJZSA-N,WSEQXVZVJXJVFP
esomeprazole,esomeprazole,esomeprazole|nexium,COc1ccc2nc([S@@](=O)Cc3ncc(C)c(OC)c3C)[nH]c2c1,SUBDBMMJDZJVOS-DEOSSOPVSA-N,SUBDBMMJDZJVOS
etravirine,etravirine,etravirine,Cc1cc(C#N)cc(C)c1Oc1nc(Nc2ccc(C#N)cc2)nc(N)c1Br,PYGWGZALEOIKDF-UHFFFAOYSA-N,PYGWGZALEOIKDF
everolimus,everolimus,everolimus,CO[C@H]1C[C@@H]2CC[C@@H](C)[C@@](O)(O2)C(=O)C(=O)N2CCCC[C@H]2C(=O)O[C@H]([C@H](C)C[C@@H]2CC[C@@H](OCCO)[C@H](OC)C2)CC(=O)[C@H](C)/C=C(\C)[C@@H](O)[C@@H](OC)C(=O)[C@H](C)C[C@H](C)/C=C/C=C/C=C/1C,HKVAMNSJSFKALM-GKUWKFKPSA-N,HKVAMNSJSFKALM
famotidine,famotidine,famotidine|pepcid,NC(N)=Nc1nc(CSCC/C(N)=N/S(N)(=O)=O)cs1,XUFQPHANEAPEMJ-UHFFFAOYSA-N,XUFQPHANEAPEMJ
febuxostat,febuxostat,febuxostat,Cc1nc(-c2ccc(OCC(C)C)c(C#N)c2)sc1C(=O)O,BQSJTQLCZDPROO-UHFFFAOYSA-N,BQSJTQLCZDPROO
felbamate,felbamate,felbamate,NC(=O)OCC(COC(N)=O)c1ccccc1,WKGXYQFOCVYPAC-UHFFFAOYSA-N,WKGXYQFOCVYPAC
felodipine,felodipine,felodipine,CCOC(=O)C1=C(C)NC(C)=C(C(=O)OC)C1c1cccc(Cl)c1Cl,RZTAMFZIAATZDJ-UHFFFAOYSA-N,RZTAMFZIAATZDJ
fexofenadine,fexofenadine,fexofenadine,CC(C)(C(=O)O)c1ccc(C(O)CCCN2CCC(C(O)(c3ccccc3)c3ccccc3)CC2)cc1,RWTNPBWLLIMQHL-UHFFFAOYSA-N,RWTNPBWLLIMQHL
fezolinetant,fezolinetant,"((8r)-5,6-dihydro-8-methyl-3-(3-methyl-1,2,4-thiadiazol-5-yl)-1,2,4-triazolo(4,3-a)pyrazin-7(8h)-yl)(4-fluorophenyl)methanone|fezolinetant",Cc1nsc(-c2nnc3n2CCN(C(=O)c2ccc(F)cc2)[C@@H]3C)n1,PPSNFPASKFYPMN-SECBINFHSA-N,PPSNFPASKFYPMN
finasteride,finasteride,finasteride|propecia|proscar,CC(C)(C)NC(=O)[C@H]1CC[C@H]2[C@@H]3CC[C@H]4NC(=O)C=C[C@]4(C)[C@H]3CC[C@]12C,DBEPLOCGEIEOCV-WSBQPABSSA-N,DBEPLOCGEIEOCV
fluconazole,fluconazole,diflucan|fluconazole,OC(Cn1cncn1)(Cn1cncn1)c1ccc(F)cc1F,RFHAOTPXVQNOHP-UHFFFAOYSA-N,RFHAOTPXVQNOHP
fluoxetine,fluoxetine,fluoxetine|prozac|sarafem,CNCCC(Oc1ccc(C(F)(F)F)cc1)c1ccccc1,RTHCYVBBDHJXIQ-UHFFFAOYSA-N,RTHCYVBBDHJXIQ
fluticasone,fluticasone,flonase|flovent|fluticasone,C[C@@H]1C[C@H]2[C@@H]3C[C@H](F)C4=CC(=O)C=C[C@]4(C)[C@@]3(F)[C@@H](O)C[C@]2(C)[C@@]1(O)C(=O)SCF,MGNNYOODZCAHBA-GQKYHHCASA-N,MGNNYOODZCAHBA
fluvastatin,fluvastatin,fluvastatin,CC(C)n1c(/C=C/[C@H](O)C[C@H](O)CC(=O)O)c(-c2ccc(F)cc2)c2ccccc21,FJLGEFLZQAZZCD-JUFISIKESA-N,FJLGEFLZQAZZCD
fluvoxamine,fluvoxamine,fluvoxamine|luvox,COCCCC/C(=N\OCCN)c1ccc(C(F)(F)F)cc1,CJOFXWAVKWHTFT-XSFVSMFZSA-N,CJOFXWAVKWHTFT
fosaprepitant,fosaprepitant,fosaprepitant,C[C@@H](O[C@H]1OCCN(Cc2nn(P(=O)(O)O)c(=O)[nH]2)[C@H]1c1ccc(F)cc1)c1cc(C(F)(F)F)cc(C(F)(F)F)c1,BARDROPHSZEBKC-OITMNORJSA-N,BARDROPHSZEBKC
fostamatinib,fostamatinib,fostamatinib,COc1cc(Nc2ncc(F)c(Nc3ccc4c(n3)N(COP(=O)(O)O)C(=O)C(C)(C)O4)n2)cc(OC)c1OC,GKDRMWXFWHEQQT-UHFFFAOYSA-N,GKDRMWXFWHEQQT
furosemide,furosemide,furosemide,NS(=O)(=O)c1cc(C(=O)O)c(NCc2ccco2)cc1Cl,ZZUFCTLCJUWOSV-UHFFFAOYSA-N,ZZUFCTLCJUWOSV
gabapentin,gabapentin,gabapentin|gralise|neurontin,NCC1(CC(=O)O)CCCCC1,UGJMXCAKCUNAIE-UHFFFAOYSA-N,UGJMXCAKCUNAIE
gemfibrozil,gemfibrozil,gemfibrozil,Cc1ccc(C)c(OCCCC(C)(C)C(=O)O)c1,HEMJJKBWTPKOJG-UHFFFAOYSA-N,HEMJJKBWTPKOJG
glimepiride,glimepiride,"1h-pyrrole-1-carboxamide, 3-ethyl-2,5-dihydro-4-methyl-n-2-4-(trans-4-methylcyclohexyl)aminocarbonylaminosulfonylphenylethyl-2-oxo-|glimepiride",CCC1=C(C)CN(C(=O)NCCc2ccc(S(=O)(=O)NC(=O)NC3CCC(C)CC3)cc2)C1=O,WIGIZIANZCJQQY-UHFFFAOYSA-N,WIGIZIANZCJQQY
glyburide,glyburide,glibenclamide|glyburide,COc1ccc(Cl)cc1C(=O)NCCc1ccc(S(=O)(=O)NC(=O)NC2CCCCC2)cc1,ZNNLBTZKUZBEKO-UHFFFAOYSA-N,ZNNLBTZKUZBEKO
hydrochlorothiazide,hydrochlorothiazide,hydrochlorothiazide|hydrodiuril|microzide,NS(=O)(=O)c1cc2c(cc1Cl)NCNS2(=O)=O,JZUFKLXOESDKRF-UHFFFAOYSA-N,JZUFKLXOESDKRF
ibrutinib,ibrutinib,ibrutinib,C=CC(=O)N1CCC[C@@H](n2nc(-c3ccc(Oc4ccccc4)cc3)c3c(N)ncnc32)C1,XYFPWWZEPKGCCK-GOSISDBHSA-N,XYFPWWZEPKGCCK
ibuprofen,ibuprofen,"advil|ibuprofen|ibuprofen, (+-)-|motrin|nurofen",CC(C)Cc1ccc(C(C)C(=O)O)cc1,HEFNNWSXXWATRW-UHFFFAOYSA-N,HEFNNWSXXWATRW
idelalisib,idelalisib,idelalisib,CC[C@H](Nc1ncnc2nc[nH]c12)c1nc2cccc(F)c2c(=O)n1-c1ccccc1,IFSDAJWBUCMOAH-HNNXBMFYSA-N,IFSDAJWBUCMOAH
imatinib,imatinib,imatinib,Cc1ccc(NC(=O)c2ccc(CN3CCN(C)CC3)cc2)cc1Nc1nccc(-c2cccnc2)n1,KTUFNOKKBVMGRW-UHFFFAOYSA-N,KTUFNOKKBVMGRW
imipramine,imipramine,imipramine,CN(C)CCCN1c2ccccc2CCc2ccccc21,BCGWQEUPMDMJNV-UHFFFAOYSA-N,BCGWQEUPMDMJNV
indinavir,indinavir,indinavir,CC(C)(C)NC(=O)[C@@H]1CN(Cc2cccnc2)CCN1C[C@@H](O)C[C@@H](Cc1ccccc1)C(=O)N[C@H]1c2ccccc2C[C@H]1O,CBVCZFGXHXORBI-PXQQMZJSSA-N,CBVCZFGXHXORBI
isavuconazole,isavuconazole,cresemba|isavuconazole|isavuconazonium,C[C@@H](c1nc(-c2ccc(C#N)cc2)cs1)[C@](O)(Cn1cncn1)c1cc(F)ccc1F,DDFOUSQFMYRUQK-RCDICMHDSA-N,DDFOUSQFMYRUQK
istradefylline,istradefylline,istradefylline,CCn1c(=O)c2c(nc(/C=C/c3ccc(OC)c(OC)c3)n2C)n(CC)c1=O,IQVRBWUUXZMOPW-PKNBQFBNSA-N,IQVRBWUUXZMOPW
itraconazole,itraconazole,itraconazole,CCC(C)n1ncn(-c2ccc(N3CCN(c4ccc(OC[C@H]5CO[C@](Cn6cncn6)(c6ccc(Cl)cc6Cl)O5)cc4)CC3)cc2)c1=O,VHVPQPYKVGDNFY-ZPGVKDDISA-N,VHVPQPYKVGDNFY
ivabradine,ivabradine,ivabradine,COc1cc2c(cc1OC)CC(=O)N(CCCN(C)C[C@H]1Cc3cc(OC)c(OC)cc31)CC2,ACRHBAYQBXXRTO-OAQYLSRUSA-N,ACRHBAYQBXXRTO
ivacaftor,ivacaftor,ivacaftor,CC(C)(C)c1cc(C(C)(C)C)c(NC(=O)c2c[nH]c3ccccc3c2=O)cc1O,PURKAOJPTOLRMP-UHFFFAOYSA-N,PURKAOJPTOLRMP
ivosidenib,ivosidenib,ivosidenib,N#Cc1ccnc(N2C(=O)CC[C@H]2C(=O)N(c2cncc(F)c2)[C@H](C(=O)NC2CC(F)(F)C2)c2ccccc2Cl)c1,WIJZXSAJMHAVGX-DHLKQENFSA-N,WIJZXSAJMHAVGX
ketoconazole,ketoconazole,ketoconazole|nizoral,CC(=O)N1CCN(c2ccc(OC[C@@H]3CO[C@@](Cn4ccnc4)(c4ccc(Cl)cc4Cl)O3)cc2)CC1,XMAYWYJOQHXEEK-ZEQKJWHPSA-N,XMAYWYJOQHXEEK
labetalol,labetalol,labetalol,CC(CCc1ccccc1)NCC(O)c1ccc(O)c(C(N)=O)c1,SGUAFYQXFOLMHL-UHFFFAOYSA-N,SGUAFYQXFOLMHL
lansoprazole,lansoprazole,lansoprazole,Cc1c(OCC(F)(F)F)ccnc1CS(=O)c1nc2ccccc2[nH]1,MJIHNNLFOKEZEW-UHFFFAOYSA-N,MJIHNNLFOKEZEW
lapatinib,lapatinib,lapatinib,CS(=O)(=O)CCNCc1ccc(-c2ccc3ncnc(Nc4ccc(OCc5cccc(F)c5)c(Cl)c4)c3c2)o1,BCFGMOOMADDAQU-UHFFFAOYSA-N,BCFGMOOMADDAQU
larotrectinib,larotrectinib,larotrectinib,O=C(Nc1cnn2ccc(N3CCC[C@@H]3c3cc(F)ccc3F)nc12)N1CC[C@H](O)C1,NYNZQNWKBKUAII-KBXCAEBGSA-N,NYNZQNWKBKUAII
lazertinib,lazertinib,lazertinib,C=CC(=O)Nc1cc(Nc2nccc(-n3cc(CN(C)C)c(-c4ccccc4)n3)n2)c(OC)cc1N1CCOCC1,RRMJMHOQSALEJJ-UHFFFAOYSA-N,RRMJMHOQSALEJJ
lemborexant,lemborexant,lemborexant,Cc1ncc(OC[C@@]2(c3cccc(F)c3)C[C@H]2C(=O)Nc2ccc(F)cn2)c(C)n1,MUGXRYIUWFITCP-PGRDOPGGSA-N,MUGXRYIUWFITCP
leniolisib,leniolisib,leniolisib,CCC(=O)N1CC[C@H](Nc2ncnc3c2CN(c2cnc(OC)c(C(F)(F)F)c2)CC3)C1,MWKYMZXCGYXLPL-ZDUSSCGKSA-N,MWKYMZXCGYXLPL
levothyroxine,levothyroxine,euthyrox|levothyroxine|levoxyl|synthroid|thyroxine,N[C@@H](Cc1cc(I)c(Oc2cc(I)c(O)c(I)c2)c(I)c1)C(=O)O,XUIIKFGFIJCVMT-LBPRGKRZSA-N,XUIIKFGFIJCVMT
lisinopril,lisinopril,lisinopril|prinivil|zestril,NCCCC[C@H](N[C@@H](CCc1ccccc1)C(=O)O)C(=O)N1CCC[C@H]1C(=O)O,RLAWWYSOJDYHDC-BZSNNMDCSA-N,RLAWWYSOJDYHDC
lomitapide,lomitapide,lomitapide,O=C(NC1CCN(CCCCC2(C(=O)NCC(F)(F)F)c3ccccc3-c3ccccc32)CC1)c1ccccc1-c1ccc(C(F)(F)F)cc1,MBBCVAKAJPKAKM-UHFFFAOYSA-N,MBBCVAKAJPKAKM
loperamide,loperamide,loperamide,CN(C)C(=O)C(CCN1CCC(O)(c2ccc(Cl)cc2)CC1)(c1ccccc1)c1ccccc1,RDOIQAHITMMDAJ-UHFFFAOYSA-N,RDOIQAHITMMDAJ
loratadine,loratadine,claritin|loratadine,CCOC(=O)N1CCC(=C2c3ccc(Cl)cc3CCc3cccnc32)CC1,JCCNYMKQOSZNPW-UHFFFAOYSA-N,JCCNYMKQOSZNPW
lorazepam,lorazepam,ativan|lorazepam,O=C1Nc2ccc(Cl)cc2C(c2ccccc2Cl)=NC1O,DIWRORZWFLOCLC-UHFFFAOYSA-N,DIWRORZWFLOCLC
lorcaserin,lorcaserin,lorcaserin,C[C@H]1CNCCc2ccc(Cl)cc21,XTTZERNUQAFMOF-QMMMGPOBSA-N,XTTZERNUQAFMOF
lorlatinib,lorlatinib,lorlatinib,C[C@H]1Oc2cc(cnc2N)-c2c(nn(C)c2C#N)CN(C)C(=O)c2ccc(F)cc21,IIXWYSCJSQVBQM-LLVKDONJSA-N,IIXWYSCJSQVBQM
losartan,losartan,cozaar|losartan,CCCCc1nc(Cl)c(CO)n1Cc1ccc(-c2ccccc2-c2nn[nH]n2)cc1,PSIFNNKUMBGKDQ-UHFFFAOYSA-N,PSIFNNKUMBGKDQ
lovastatin,lovastatin,lovastatin,CC[C@H](C)C(=O)O[C@H]1C[C@@H](C)C=C2C=C[C@H](C)[C@H](CC[C@@H]3C[C@@H](O)CC(=O)O3)[C@H]21,PCZOHLXUXFIOCF-BXMDZJJMSA-N,PCZOHLXUXFIOCF
lurasidone,lurasidone,lurasidone,O=C1[C@@H]2[C@H]3CC[C@H](C3)[C@@H]2C(=O)N1C[C@@H]1CCCC[C@H]1CN1CCN(c2nsc3ccccc23)CC1,PQXKDMSYBGKCJA-CVTJIBDQSA-N,PQXKDMSYBGKCJA
maraviroc,maraviroc,(3h)maraviroc|maraviroc,Cc1nnc(C(C)C)n1C1C[C@H]2CC[C@@H](C1)N2CC[C@H](NC(=O)C1CCC(F)(F)CC1)c1ccccc1,GSNHKUDZZFZSJB-HLMSNRGBSA-N,GSNHKUDZZFZSJB
meclizine,meclizine,meclizine,Cc1cccc(CN2CCN(C(c3ccccc3)c3ccc(Cl)cc3)CC2)c1,OCJYIGYOJCODJL-UHFFFAOYSA-N,OCJYIGYOJCODJL
melatonin,melatonin,melatonin,COc1ccc2[nH]cc(CCNC(C)=O)c2c1,DRLFMBDRBRZALE-UHFFFAOYSA-N,DRLFMBDRBRZALE
metformin,metformin,fortamet|glucophage|metformin,CN(C)C(=N)N=C(N)N,XZWYZXLIPXDOLR-UHFFFAOYSA-N,XZWYZXLIPXDOLR
methotrexate,methotrexate,methotrexate,CN(Cc1cnc2nc(N)nc(N)c2n1)c1ccc(C(=O)N[C@@H](CCC(=O)O)C(=O)O)cc1,FBOZXECLQNJBKD-ZDUSSCGKSA-N,FBOZXECLQNJBKD
methoxsalen,methoxsalen,8-methoxypsoralen|methoxsalen,COc1c2occc2cc2ccc(=O)oc12,QXKHYNVANLEOEG-UHFFFAOYSA-N,QXKHYNVANLEOEG
methylphenidate,methylphenidate,concerta|methylphenidate|ritalin,COC(=O)C(c1ccccc1)C1CCCCN1,DUGOZIWVEXMGBE-UHFFFAOYSA-N,DUGOZIWVEXMGBE
metoprolol,metoprolol,lopressor|metoprolol|toprol,COCCc1ccc(OCC(O)CNC(C)C)cc1,IUBSYMUCCVWXPE-UHFFFAOYSA-N,IUBSYMUCCVWXPE
mexiletine,mexiletine,mexiletine,Cc1cccc(C)c1OCC(C)N,VLPIATFUUWWMKC-UHFFFAOYSA-N,VLPIATFUUWWMKC
mibefradil,mibefradil,mibefradil,COCC(=O)O[C@]1(CCN(C)CCCc2nc3ccccc3[nH]2)CCc2cc(F)ccc2[C@@H]1C(C)C,HBNPJJILLOYFJU-VMPREFPWSA-N,HBNPJJILLOYFJU
miconazole,miconazole,miconazole,Clc1ccc(COC(Cn2ccnc2)c2ccc(Cl)cc2Cl)c(Cl)c1,BYBLEWFAAKGYCD-UHFFFAOYSA-N,BYBLEWFAAKGYCD
midazolam,midazolam,midazolam,Cc1ncc2n1-c1ccc(Cl)cc1C(c1ccccc1F)=NC2,DDLIGBOFAVUZHB-UHFFFAOYSA-N,DDLIGBOFAVUZHB
mifepristone,mifepristone,korlym|mifeprex|mifepristone,CC#C[C@]1(O)CC[C@H]2[C@@H]3CCC4=CC(=O)CCC4=C3[C@@H](c3ccc(N(C)C)cc3)C[C@@]21C,VKHAHZOOUSRJNA-GCNJZUOMSA-N,VKHAHZOOUSRJNA
mirabegron,mirabegron,mirabegron,Nc1nc(CC(=O)Nc2ccc(CCNC[C@H](O)c3ccccc3)cc2)cs1,PBAPPPCECJKMCM-IBGZPJMESA-N,PBAPPPCECJKMCM
mitotane,mitotane,mitotane,Clc1ccc(C(c2ccccc2Cl)C(Cl)Cl)cc1,JWBOIMRXGHLCPP-UHFFFAOYSA-N,JWBOIMRXGHLCPP
mobocertinib,mobocertinib,mobocertinib,C=CC(=O)Nc1cc(Nc2ncc(C(=O)OC(C)C)c(-c3cn(C)c4ccccc34)n2)c(OC)cc1N(C)CCN(C)C,AZSRSNUQCUDCGG-UHFFFAOYSA-N,AZSRSNUQCUDCGG
modafinil,modafinil,modafinil,NC(=O)CS(=O)C(c1ccccc1)c1ccccc1,YFGHCGITMMYXAQ-UHFFFAOYSA-N,YFGHCGITMMYXAQ
momelotinib,momelotinib,momelotinib,N#CCNC(=O)c1ccc(-c2ccnc(Nc3ccc(N4CCOCC4)cc3)n2)cc1,ZVHNDZWQTBEVRY-UHFFFAOYSA-N,ZVHNDZWQTBEVRY
montelukast,montelukast,montelukast|singulair,CC(C)(O)c1ccccc1CC[C@@H](SCC1(CC(=O)O)CC1)c1cccc(/C=C/c2ccc3ccc(Cl)cc3n2)c1,UCHDWCPVSPXUMX-TZIWLTJVSA-N,UCHDWCPVSPXUMX
mycophenolate_mofetil,mycophenolate mofetil,mycophenolate mofetil|mycophenolate_mofetil,COc1c(C)c2c(c(O)c1C/C=C(\C)CCC(=O)OCCN1CCOCC1)C(=O)OC2,RTGDFNSFWBGLEC-SYZQJQIISA-N,RTGDFNSFWBGLEC
mycophenolic_acid,mycophenolic acid,mycophenolic acid|mycophenolic_acid,COc1c(C)c2c(c(O)c1C/C=C(\C)CCC(=O)O)C(=O)OC2,HPNSFSBZBAHARI-RUDMXATFSA-N,HPNSFSBZBAHARI
naloxegol,naloxegol,naloxegol,C=CCN1CC[C@]23c4c5ccc(O)c4O[C@H]2[C@@H](OCCOCCOCCOCCOCCOCCOCCOC)CC[C@@]3(O)[C@H]1C5,XNKCCCKFOQNXKV-ZRSCBOBOSA-N,XNKCCCKFOQNXKV
naproxen,naproxen,aleve|naprosyn|naproxen,COc1ccc2cc([C@H](C)C(=O)O)ccc2c1,CMWTZPSULFXXJA-VIFPVBQESA-N,CMWTZPSULFXXJA
nebivolol,nebivolol,nebivolol,OC(CNCC(O)C1CCc2cc(F)ccc2O1)C1CCc2cc(F)ccc2O1,KOHIRBRYDXPAMZ-UHFFFAOYSA-N,KOHIRBRYDXPAMZ
nefazodone,nefazodone,nefazodone|serzone,CCc1nn(CCCN2CCN(c3cccc(Cl)c3)CC2)c(=O)n1CCOc1ccccc1,VRBKIVRKKCLPHA-UHFFFAOYSA-N,VRBKIVRKKCLPHA
nelfinavir,nelfinavir,nelfinavir,Cc1c(O)cccc1C(=O)N[C@@H](CSc1ccccc1)[C@H](O)CN1C[C@H]2CCCC[C@H]2C[C@H]1C(=O)NC(C)(C)C,QAGYKUNXZHXKMR-HKWSIXNMSA-N,QAGYKUNXZHXKMR
nevirapine,nevirapine,nevirapine,Cc1ccnc2c1NC(=O)c1cccnc1N2C1CC1,NQDJXKOVJZTUJA-UHFFFAOYSA-N,NQDJXKOVJZTUJA
nifedipine,nifedipine,nifedipine,COC(=O)C1=C(C)NC(C)=C(C(=O)OC)C1c1ccccc1[N+](=O)[O-],HYIMSNHJOBLJNT-UHFFFAOYSA-N,HYIMSNHJOBLJNT
nimodipine,nimodipine,nimodipine,COCCOC(=O)C1=C(C)NC(C)=C(C(=O)OC(C)C)C1c1cccc([N+](=O)[O-])c1,UIAGMCDKSXEBJQ-UHFFFAOYSA-N,UIAGMCDKSXEBJQ
nisoldipine,nisoldipine,nisoldipine,COC(=O)C1=C(C)NC(C)=C(C(=O)OCC(C)C)C1c1ccccc1[N+](=O)[O-],VKQFCGNPDRICFG-UHFFFAOYSA-N,VKQFCGNPDRICFG
nortriptyline,nortriptyline,nortriptyline,CNCCC=C1c2ccccc2CCc2ccccc21,PHVGLTMQBUFIQQ-UHFFFAOYSA-N,PHVGLTMQBUFIQQ
omeprazole,omeprazole,losec|omeprazole|prilosec,COc1ccc2nc(S(=O)Cc3ncc(C)c(OC)c3C)[nH]c2c1,SUBDBMMJDZJVOS-UHFFFAOYSA-N,SUBDBMMJDZJVOS
ondansetron,ondansetron,ondansetron|zofran,Cc1nccn1CC1CCc2c(c3ccccc3n2C)C1=O,FELGMEQIXOGIFQ-UHFFFAOYSA-N,FELGMEQIXOGIFQ
oseltamivir_carboxylate,oseltamivir carboxylate,oseltamivir carboxylate|oseltamivir_carboxylate|ro 64-0802,CCC(CC)O[C@@H]1C=C(C(=O)O)C[C@H](N)[C@H]1NC(C)=O,NENPYTRHICXVCS-YNEHKIRRSA-N,NENPYTRHICXVCS
oteseconazole,oteseconazole,oteseconazole,O[C@@](Cn1cnnn1)(c1ccc(F)cc1F)C(F)(F)c1ccc(-c2ccc(OCC(F)(F)F)cc2)cn1,IDUYJRXRDSPPRC-NRFANRHFSA-N,IDUYJRXRDSPPRC
oxycodone,oxycodone,oxycodone|oxycontin|percocet|roxicodone,COc1ccc2c3c1O[C@H]1C(=O)CC[C@@]4(O)[C@@H](C2)N(C)CC[C@]314,BRUQQQPBMZOVGD-XFKAJCMBSA-N,BRUQQQPBMZOVGD
paclitaxel,paclitaxel,paclitaxel,CC(=O)O[C@H]1C(=O)[C@@]2(C)[C@H]([C@H](OC(=O)c3ccccc3)[C@]3(O)C[C@H](OC(=O)[C@H](O)[C@@H](NC(=O)c4ccccc4)c4ccccc4)C(C)=C1C3(C)C)[C@]1(OC(C)=O)CO[C@@H]1C[C@@H]2O,RCINICONZNJXQF-MZXODVADSA-N,RCINICONZNJXQF
pantoprazole,pantoprazole,pantoprazole|protonix,COc1ccnc(CS(=O)c2nc3ccc(OC(F)F)cc3[nH]2)c1OC,IQPSEEYGBUAQFF-UHFFFAOYSA-N,IQPSEEYGBUAQFF
paroxetine,paroxetine,paroxetine|paxil,Fc1ccc([C@@H]2CCNC[C@H]2COc2ccc3c(c2)OCO3)cc1,AHOUBRCZNHFOSL-YOEHRIQHSA-N,AHOUBRCZNHFOSL
pazopanib,pazopanib,pazopanib,Cc1ccc(Nc2nccc(N(C)c3ccc4c(C)n(C)nc4c3)n2)cc1S(N)(=O)=O,CUIHSIWYWATEQL-UHFFFAOYSA-N,CUIHSIWYWATEQL
penicillin_g,penicillin g,penicillin g|penicillin_g,CC1(C)S[C@@H]2[C@H](NC(=O)Cc3ccccc3)C(=O)N2[C@H]1C(=O)O,JGSARLDLIJGVTE-MBNYWOFBSA-N,JGSARLDLIJGVTE
perphenazine,perphenazine,perphenazine,OCCN1CCN(CCCN2c3ccccc3Sc3ccc(Cl)cc32)CC1,RGCVKNLCSQQDEP-UHFFFAOYSA-N,RGCVKNLCSQQDEP
pexidartinib,pexidartinib,pexidartinib,FC(F)(F)c1ccc(CNc2ccc(Cc3c[nH]c4ncc(Cl)cc34)cn2)cn1,JGWRKYUXBBNENE-UHFFFAOYSA-N,JGWRKYUXBBNENE
phenobarbital,phenobarbital,phenobarbital,CCC1(c2ccccc2)C(=O)NC(=O)NC1=O,DDBREPKUVSBGFI-UHFFFAOYSA-N,DDBREPKUVSBGFI
phenytoin,phenytoin,dilantin|phenytoin,O=C1NC(=O)C(c2ccccc2)(c2ccccc2)N1,CXOFVDLJLONNDW-UHFFFAOYSA-N,CXOFVDLJLONNDW
pimozide,pimozide,pimozide,O=c1[nH]c2ccccc2n1C1CCN(CCCC(c2ccc(F)cc2)c2ccc(F)cc2)CC1,YVUQSNJEYSNKRX-UHFFFAOYSA-N,YVUQSNJEYSNKRX
pioglitazone,pioglitazone,pioglitazone,CCc1ccc(CCOc2ccc(CC3SC(=O)NC3=O)cc2)nc1,HYAFETHFCAUJAY-UHFFFAOYSA-N,HYAFETHFCAUJAY
piperine,piperine,piperine,O=C(/C=C/C=C/c1ccc2c(c1)OCO2)N1CCCCC1,MXXWOMGUGJBKIW-YPCIICBESA-N,MXXWOMGUGJBKIW
pirfenidone,pirfenidone,pirfenidone,Cc1ccc(=O)n(-c2ccccc2)c1,ISWRGOKTTBVCFA-UHFFFAOYSA-N,ISWRGOKTTBVCFA
pirtobrutinib,pirtobrutinib,pirtobrutinib,COc1ccc(F)cc1C(=O)NCc1ccc(-c2nn([C@@H](C)C(F)(F)F)c(N)c2C(N)=O)cc1,FWZAWAUZXYCBKZ-NSHDSACASA-N,FWZAWAUZXYCBKZ
pitavastatin,pitavastatin,pitavastatin,O=C(O)C[C@H](O)C[C@H](O)/C=C/c1c(C2CC2)nc2ccccc2c1-c1ccc(F)cc1,VGYFMXBACGZSIL-MCBHFWOFSA-N,VGYFMXBACGZSIL
posaconazole,posaconazole,posaconazole,CC[C@@H]([C@H](C)O)n1ncn(-c2ccc(N3CCN(c4ccc(OC[C@@H]5CO[C@@](Cn6cncn6)(c6ccc(F)cc6F)C5)cc4)CC3)cc2)c1=O,RAGOYPUPXAKGKH-XAKZXMRKSA-N,RAGOYPUPXAKGKH
pralsetinib,pralsetinib,pralsetinib,COC1(C(=O)N[C@@H](C)c2ccc(-n3cc(F)cn3)nc2)CCC(c2nc(C)cc(Nc3cc(C)[nH]n3)n2)CC1,GBLBJPZSROAGMF-SIYOEGHHSA-N,GBLBJPZSROAGMF
pravastatin,pravastatin,pravastatin,CC[C@H](C)C(=O)O[C@H]1C[C@H](O)C=C2C=C[C@H](C)[C@H](CC[C@@H](O)C[C@@H](O)CC(=O)O)[C@H]21,TUZYXOIXSAXUGO-PZAWKZKUSA-N,TUZYXOIXSAXUGO
prednisone,prednisone,deltasone|prednisone|rayos,C[C@]12C=CC(=O)C=C1CC[C@@H]1[C@@H]2C(=O)C[C@@]2(C)[C@H]1CC[C@]2(O)C(=O)CO,XOFYZVNMUHMLCC-ZPOLXVRWSA-N,XOFYZVNMUHMLCC
pregabalin,pregabalin,lyrica|pregabalin,CC(C)C[C@H](CN)CC(=O)O,AYXYPKUFHZROOJ-ZETCQYMHSA-N,AYXYPKUFHZROOJ
primidone,primidone,primidone,CCC1(c2ccccc2)C(=O)NCNC1=O,DQMZLTXERSFNPB-UHFFFAOYSA-N,DQMZLTXERSFNPB
probenecid,probenecid,probenecid,CCCN(CCC)S(=O)(=O)c1ccc(C(=O)O)cc1,DBABZHXKTCFAPX-UHFFFAOYSA-N,DBABZHXKTCFAPX
propafenone,propafenone,propafenone,CCCNCC(O)COc1ccccc1C(=O)CCc1ccccc1,JWHAUXFOSRPERK-UHFFFAOYSA-N,JWHAUXFOSRPERK
propranolol,propranolol,propranolol,CC(C)NCC(O)COc1cccc2ccccc12,AQHHHDLHHXJYJD-UHFFFAOYSA-N,AQHHHDLHHXJYJD
pyrimethamine,pyrimethamine,pyrimethamine,CCc1nc(N)nc(N)c1-c1ccc(Cl)cc1,WKSAUQYGYAYLPV-UHFFFAOYSA-N,WKSAUQYGYAYLPV
quetiapine,quetiapine,quetiapine|seroquel,OCCOCCN1CCN(C2=Nc3ccccc3Sc3ccccc32)CC1,URKOMYMAXPYINW-UHFFFAOYSA-N,URKOMYMAXPYINW
quinidine,quinidine,nuedexta component|quinidine,C=C[C@H]1CN2CC[C@H]1C[C@@H]2[C@@H](O)c1ccnc2ccc(OC)cc12,LOUPRKONTZGTKE-LHHVKLHASA-N,LOUPRKONTZGTKE
quinine,quinine,qualaquin|quinine|tonic water,C=C[C@H]1CN2CC[C@H]1C[C@H]2[C@H](O)c1ccnc2ccc(OC)cc12,LOUPRKONTZGTKE-WZBLMQSHSA-N,LOUPRKONTZGTKE
r_venlafaxine,r-venlafaxine,"r venlafaxine|r-venlafaxine|r_venlafaxine|venlafaxine, (r)-",COc1ccc([C@H](CN(C)C)C2(O)CCCCC2)cc1,PNVNVHUZROJLTJ-INIZCTEOSA-N,PNVNVHUZROJLTJ
rabeprazole,rabeprazole,rabeprazole,COCCCOc1ccnc(CS(=O)c2nc3ccccc3[nH]2)c1C,YREYEVIYCVEVJK-UHFFFAOYSA-N,YREYEVIYCVEVJK
ramelteon,ramelteon,ramelteon,CCC(=O)NCC[C@@H]1CCc2ccc3c(c21)CCO3,YLXDSYKOBKBWJQ-LBPRGKRZSA-N,YLXDSYKOBKBWJQ
ranitidine,ranitidine,ranitidine,CN/C(=C\[N+](=O)[O-])NCCSCc1ccc(CN(C)C)o1,VMXUWOKSQNHOCA-UKTHLTGXSA-N,VMXUWOKSQNHOCA
ranolazine,ranolazine,ranolazine,COc1ccccc1OCC(O)CN1CCN(CC(=O)Nc2c(C)cccc2C)CC1,XKLMZUWKNUAPSZ-UHFFFAOYSA-N,XKLMZUWKNUAPSZ
repaglinide,repaglinide,repaglinide,CCOc1cc(CC(=O)N[C@@H](CC(C)C)c2ccccc2N2CCCCC2)ccc1C(=O)O,FAEKWTJYAYMJKF-QHCPKHFHSA-N,FAEKWTJYAYMJKF
repotrectinib,repotrectinib,repotrectinib,C[C@H]1CNC(=O)c2cnn3ccc(nc23)N[C@H](C)c2cc(F)ccc2O1,FIKPXCOQUIZNHB-WDEREUQCSA-N,FIKPXCOQUIZNHB
resmetirom,resmetirom,resmetirom,CC(C)c1cc(Oc2c(Cl)cc(-n3nc(C#N)c(=O)[nH]c3=O)cc2Cl)n[nH]c1=O,FDBYIYFVSAHJLY-UHFFFAOYSA-N,FDBYIYFVSAHJLY
rifampicin,rifampicin,rifadin|rifampicin|rifampin|rimactane,CO[C@H]1/C=C/O[C@@]2(C)Oc3c(C)c(O)c4c(O)c(c(/C=N/N5CCN(C)CC5)c(O)c4c3C2=O)NC(=O)/C(C)=C\C=C\[C@H](C)[C@H](O)[C@@H](C)[C@@H](O)[C@@H](C)[C@H](OC(C)=O)[C@@H]1C,JQXXHWHPUNPDRT-WLSIYKJHSA-N,JQXXHWHPUNPDRT
rilpivirine,rilpivirine,rilpivirine,Cc1cc(/C=C/C#N)cc(C)c1Nc1ccnc(Nc2ccc(C#N)cc2)n1,YIBOMRUWOWDFLG-ONEGZZNKSA-N,YIBOMRUWOWDFLG
ritonavir,ritonavir,norvir|ritonavir,CC(C)c1nc(CN(C)C(=O)N[C@H](C(=O)N[C@@H](Cc2ccccc2)C[C@H](O)[C@H](Cc2ccccc2)NC(=O)OCc2cncs2)C(C)C)cs1,NCDNCNXCDXHOMX-XGKFQTDJSA-N,NCDNCNXCDXHOMX
rivaroxaban,rivaroxaban,rivaroxaban|xarelto,O=C(NC[C@H]1CN(c2ccc(N3CCOCC3=O)cc2)C(=O)O1)c1ccc(Cl)s1,KGFYHTZWPPHNLQ-AWEZNQCLSA-N,KGFYHTZWPPHNLQ
rolapitant,rolapitant,rolapitant,C[C@@H](OC[C@@]1(c2ccccc2)CC[C@]2(CCC(=O)N2)CN1)c1cc(C(F)(F)F)cc(C(F)(F)F)c1,FIVSJYGQAIEMOC-ZGNKEGEESA-N,FIVSJYGQAIEMOC
rosiglitazone,rosiglitazone,rosiglitazone,CN(CCOc1ccc(CC2SC(=O)NC2=O)cc1)c1ccccn1,YASAKCUCGLMORW-UHFFFAOYSA-N,YASAKCUCGLMORW
rosuvastatin,rosuvastatin,crestor|rosuvastatin,CC(C)c1nc(N(C)S(C)(=O)=O)nc(-c2ccc(F)cc2)c1/C=C/[C@@H](O)C[C@@H](O)CC(=O)O,BPRHUIZQVSMCRT-VEUZHWNKSA-N,BPRHUIZQVSMCRT
rufinamide,rufinamide,rufinamide,NC(=O)c1cn(Cc2c(F)cccc2F)nn1,POGQSBRIGCQNEG-UHFFFAOYSA-N,POGQSBRIGCQNEG
rupatadine,rupatadine,rupatadine,Cc1cncc(CN2CCC(=C3c4ccc(Cl)cc4CCc4cccnc43)CC2)c1,WUZYKBABMWJHDL-UHFFFAOYSA-N,WUZYKBABMWJHDL
s_mephenytoin,s-mephenytoin,"mephenytoin, (+)-|s mephenytoin|s-mephenytoin|s_mephenytoin",CC[C@@]1(c2ccccc2)NC(=O)N(C)C1=O,GMHKMTDVRCWUDX-LBPRGKRZSA-N,GMHKMTDVRCWUDX
s_venlafaxine,s-venlafaxine,(s)-venlafaxine|s venlafaxine|s-venlafaxine|s_venlafaxine,COc1ccc([C@@H](CN(C)C)C2(O)CCCCC2)cc1,PNVNVHUZROJLTJ-MRXNPFEDSA-N,PNVNVHUZROJLTJ
saquinavir,saquinavir,saquinavir,CC(C)(C)NC(=O)[C@@H]1C[C@@H]2CCCC[C@@H]2CN1C[C@@H](O)[C@H](Cc1ccccc1)NC(=O)[C@H](CC(N)=O)NC(=O)c1ccc2ccccc2n1,QWAXKHKRTORLEM-UGJKXSETSA-N,QWAXKHKRTORLEM
selexipag,selexipag,selexipag,CC(C)N(CCCCOCC(=O)NS(C)(=O)=O)c1cnc(-c2ccccc2)c(-c2ccccc2)n1,QXWZQTURMXZVHJ-UHFFFAOYSA-N,QXWZQTURMXZVHJ
selpercatinib,selpercatinib,selpercatinib,COc1ccc(CN2C3CC2CN(c2ccc(-c4cc(OCC(C)(C)O)cn5ncc(C#N)c45)cn2)C3)cn1,XIIOFHFUYBLOLW-UHFFFAOYSA-N,XIIOFHFUYBLOLW
sertraline,sertraline,sertraline|zoloft,CN[C@H]1CC[C@@H](c2ccc(Cl)c(Cl)c2)c2ccccc21,VGKDLMBJGBXTGI-SJCJKPOMSA-N,VGKDLMBJGBXTGI
sevabertinib,sevabertinib,sevabertinib,COc1c(Cl)cccc1Nc1c(-c2ccncc2OC[C@@H]2COCCO2)[nH]c2c1C(=O)NCC2,VYQVHWNNPKOJEA-AWEZNQCLSA-N,VYQVHWNNPKOJEA
sildenafil,sildenafil,revatio|sildenafil|viagra,CCCc1nn(C)c2c(=O)[nH]c(-c3cc(S(=O)(=O)N4CCN(C)CC4)ccc3OCC)nc12,BNRNXUUZRGQAQC-UHFFFAOYSA-N,BNRNXUUZRGQAQC
simvastatin,simvastatin,simvastatin|zocor,CCC(C)(C)C(=O)O[C@H]1C[C@@H](C)C=C2C=C[C@H](C)[C@H](CC[C@@H]3C[C@@H](O)CC(=O)O3)[C@H]21,RYMZZMVNJRMUDD-HGQWONQESA-N,RYMZZMVNJRMUDD
sirolimus,sirolimus,sirolimus,CO[C@H]1C[C@@H]2CC[C@@H](C)[C@@](O)(O2)C(=O)C(=O)N2CCCC[C@H]2C(=O)O[C@H]([C@H](C)C[C@@H]2CC[C@@H](O)[C@H](OC)C2)CC(=O)[C@H](C)/C=C(\C)[C@@H](O)[C@@H](OC)C(=O)[C@H](C)C[C@H](C)/C=C/C=C/C=C/1C,QFJCIRLUMZQUOT-HPLJOQBZSA-N,QFJCIRLUMZQUOT
sotorasib,sotorasib,sotorasib,C=CC(=O)N1CCN(c2nc(=O)n(-c3c(C)ccnc3C(C)C)c3nc(-c4c(O)cccc4F)c(F)cc23)[C@@H](C)C1,NXQKSXLFSAEQCZ-SFHVURJKSA-N,NXQKSXLFSAEQCZ
sulfasalazine,sulfasalazine,sulfasalazine,O=C(O)c1cc(N=Nc2ccc(S(=O)(=O)Nc3ccccn3)cc2)ccc1O,NCEXYHBECQHGNR-UHFFFAOYSA-N,NCEXYHBECQHGNR
sunitinib,sunitinib,sunitinib,CCN(CC)CCNC(=O)c1c(C)[nH]c(/C=C2\C(=O)Nc3ccc(F)cc32)c1C,WINHZLLDWRZWRT-ATVHPVEESA-N,WINHZLLDWRZWRT
tacrolimus,tacrolimus,prograf|tacrolimus,C=CC[C@@H]1/C=C(\C)C[C@H](C)C[C@H](OC)[C@H]2O[C@@](O)(C(=O)C(=O)N3CCCC[C@H]3C(=O)O[C@H](/C(C)=C/[C@@H]3CC[C@@H](O)[C@H](OC)C3)[C@H](C)[C@@H](O)CC1=O)[C@H](C)C[C@@H]2OC,QJJXYPPXXYFBGM-LFZNUXCKSA-N,QJJXYPPXXYFBGM
tadalafil,tadalafil,cialis|tadalafil,CN1CC(=O)N2[C@H](c3ccc4c(c3)OCO4)c3[nH]c4ccccc4c3C[C@@H]2C1=O,WOXKDUGGOYFFRN-IIBYNOLFSA-N,WOXKDUGGOYFFRN
taletrectinib,taletrectinib,taletrectinib,C[C@@H](N)COc1ccc(-c2cnc3ccc(N[C@H](C)c4cccc(F)c4)nn23)cc1,HEVHTYMYEMEBPX-HZPDHXFCSA-N,HEVHTYMYEMEBPX
tamsulosin,tamsulosin,flomax|tamsulosin,CCOc1ccccc1OCCN[C@H](C)Cc1ccc(OC)c(S(N)(=O)=O)c1,DRHKJLXJIQTDTD-OAHLLOKOSA-N,DRHKJLXJIQTDTD
tasimelteon,tasimelteon,tasimelteon,CCC(=O)NC[C@@H]1C[C@H]1c1cccc2c1CCO2,PTOIAAWZLUQTIO-GXFFZTMASA-N,PTOIAAWZLUQTIO
tazemetostat,tazemetostat,tazemetostat,CCN(c1cc(-c2ccc(CN3CCOCC3)cc2)cc(C(=O)NCc2c(C)cc(C)[nH]c2=O)c1C)C1CCOCC1,NSQSAUGJQHDYNO-UHFFFAOYSA-N,NSQSAUGJQHDYNO
telithromycin,telithromycin,telithromycin,CC[C@H]1OC(=O)[C@H](C)C(=O)[C@H](C)[C@@H](O[C@@H]2O[C@H](C)C[C@H](N(C)C)[C@H]2O)[C@](C)(OC)C[C@@H](C)C(=O)[C@H](C)[C@H]2N(CCCCn3cnc(-c4cccnc4)c3)C(=O)O[C@]12C,LJVAJPDWBABPEJ-PNUFFHFMSA-N,LJVAJPDWBABPEJ
tenofovir,tenofovir,tenofovir,C[C@H](Cn1cnc2c(N)ncnc21)OCP(=O)(O)O,SGOIRFVFHAKUTI-ZCFIWIBFSA-N,SGOIRFVFHAKUTI
tenofovir_alafenamide,tenofovir alafenamide,tenofovir alafenamide|tenofovir_alafenamide,CC(C)OC(=O)[C@H](C)N[P@](=O)(CO[C@H](C)Cn1cnc2c(N)ncnc21)Oc1ccccc1,LDEKQSIMHVQZJK-CAQYMETFSA-N,LDEKQSIMHVQZJK
terbinafine,terbinafine,lamisil|terbinafine,CN(C/C=C/C#CC(C)(C)C)Cc1cccc2ccccc12,DOMXUEMWDBAQBQ-WEVVVXLNSA-N,DOMXUEMWDBAQBQ
terfenadine,terfenadine,terfenadine,CC(C)(C)c1ccc(C(O)CCCN2CCC(C(O)(c3ccccc3)c3ccccc3)CC2)cc1,GUGOEEXESWIERI-UHFFFAOYSA-N,GUGOEEXESWIERI
teriflunomide,teriflunomide,teriflunomide,C/C(O)=C(\C#N)C(=O)Nc1ccc(C(F)(F)F)cc1,UTNUDOFZCWSZMS-YFHOEESVSA-N,UTNUDOFZCWSZMS
theophylline,theophylline,theophylline,Cn1c(=O)c2[nH]cnc2n(C)c1=O,ZFXYFBGIUFBOJW-UHFFFAOYSA-N,ZFXYFBGIUFBOJW
ticagrelor,ticagrelor,ticagrelor,CCCSc1nc(N[C@@H]2C[C@H]2c2ccc(F)c(F)c2)c2nnn([C@@H]3C[C@H](OCCO)[C@@H](O)[C@H]3O)c2n1,OEKWJQXRCDYSHL-FNOIDJSQSA-N,OEKWJQXRCDYSHL
ticlopidine,ticlopidine,ticlopidine,Clc1ccccc1CN1CCc2sccc2C1,PHWBOXQYWZNQIN-UHFFFAOYSA-N,PHWBOXQYWZNQIN
tipranavir,tipranavir,tipranavir,CCC[C@@]1(CCc2ccccc2)CC(O)=C([C@H](CC)c2cccc(NS(=O)(=O)c3ccc(C(F)(F)F)cn3)c2)C(=O)O1,SUJUHGSWHZTSEU-FYBSXPHGSA-N,SUJUHGSWHZTSEU
tizanidine,tizanidine,tizanidine,Clc1ccc2nsnc2c1NC1=NCCN1,XFYDIVBRZNQMJC-UHFFFAOYSA-N,XFYDIVBRZNQMJC
tolbutamide,tolbutamide,tolbutamide,CCCCNC(=O)NS(=O)(=O)c1ccc(C)cc1,JLRGJRBPOGGCBT-UHFFFAOYSA-N,JLRGJRBPOGGCBT
tolterodine,tolterodine,tolterodine,Cc1ccc(O)c([C@H](CCN(C(C)C)C(C)C)c2ccccc2)c1,OOGJQPCLVADCPB-HXUWFJFHSA-N,OOGJQPCLVADCPB
tolvaptan,tolvaptan,tolvaptan,Cc1ccccc1C(=O)Nc1ccc(C(=O)N2CCCC(O)c3cc(Cl)ccc32)c(C)c1,GYHCTFXIZSNGJT-UHFFFAOYSA-N,GYHCTFXIZSNGJT
tramadol,tramadol,conzip|tramadol|ultram,COc1cccc([C@@]2(O)CCCC[C@@H]2CN(C)C)c1,TVYLLZQTGLZFBW-ZBFHGGJFSA-N,TVYLLZQTGLZFBW
trazodone,trazodone,desyrel|trazodone,O=c1n(CCCN2CCN(c3cccc(Cl)c3)CC2)nc2ccccn12,PHLBKPHSAVXXEF-UHFFFAOYSA-N,PHLBKPHSAVXXEF
triamcinolone_acetonide,triamcinolone acetonide,kenalog|nasacort|triamcinolone acetonide|triamcinolone_acetonide,CC1(C)O[C@@H]2C[C@H]3[C@@H]4CCC5=CC(=O)C=C[C@]5(C)[C@@]4(F)[C@@H](O)C[C@]3(C)[C@]2(C(=O)CO)O1,YNDXUCZADRHECN-JNQJZLCISA-N,YNDXUCZADRHECN
triazolam,triazolam,triazolam,Cc1nnc2n1-c1ccc(Cl)cc1C(c1ccccc1Cl)=NC2,JOFWLTCLBGQGBO-UHFFFAOYSA-N,JOFWLTCLBGQGBO
trimethoprim,trimethoprim,trimethoprim,COc1cc(Cc2cnc(N)nc2N)cc(OC)c1OC,IEDVJHCEMCRBQM-UHFFFAOYSA-N,IEDVJHCEMCRBQM
trimipramine,trimipramine,trimipramine,CC(CN(C)C)CN1c2ccccc2CCc2ccccc21,ZSCDBOWYZJWBIY-UHFFFAOYSA-N,ZSCDBOWYZJWBIY
tucatinib,tucatinib,tucatinib,Cc1cc(Nc2ncnc3ccc(NC4=NC(C)(C)CO4)cc23)ccc1Oc1ccn2ncnc2c1,SDEAXTCZPQIFQM-UHFFFAOYSA-N,SDEAXTCZPQIFQM
vadadustat,vadadustat,vadadustat,O=C(O)CNC(=O)c1ncc(-c2cccc(Cl)c2)cc1O,JGRXMPYUTJLTKT-UHFFFAOYSA-N,JGRXMPYUTJLTKT
vandetanib,vandetanib,vandetanib,COc1cc2c(Nc3ccc(Br)cc3F)ncnc2cc1OCC1CCN(C)CC1,UHTHHESEBZOYNR-UHFFFAOYSA-N,UHTHHESEBZOYNR
vardenafil,vardenafil,vardenafil,CCCc1nc(C)c2c(=O)[nH]c(-c3cc(S(=O)(=O)N4CCN(CC)CC4)ccc3OCC)nn12,SECKRCOLJRRGGV-UHFFFAOYSA-N,SECKRCOLJRRGGV
vemurafenib,vemurafenib,vemurafenib,CCCS(=O)(=O)Nc1ccc(F)c(C(=O)c2c[nH]c3ncc(-c4ccc(Cl)cc4)cc23)c1F,GPXBXXGIAQBQNI-UHFFFAOYSA-N,GPXBXXGIAQBQNI
venetoclax,venetoclax,venetoclax,CC1(C)CCC(CN2CCN(c3ccc(C(=O)NS(=O)(=O)c4ccc(NCC5CCOCC5)c([N+](=O)[O-])c4)c(Oc4cnc5[nH]ccc5c4)c3)CC2)=C(c2ccc(Cl)cc2)C1,LQBVNQSMGBZMKD-UHFFFAOYSA-N,LQBVNQSMGBZMKD
venlafaxine,venlafaxine,effexor|venlafaxine,COc1ccc(C(CN(C)C)C2(O)CCCCC2)cc1,PNVNVHUZROJLTJ-UHFFFAOYSA-N,PNVNVHUZROJLTJ
verapamil,verapamil,calan|verapamil|verelan,COc1ccc(CCN(C)CCCC(C#N)(c2ccc(OC)c(OC)c2)C(C)C)cc1OC,SGTNSNPWRIOYBX-UHFFFAOYSA-N,SGTNSNPWRIOYBX
viloxazine,viloxazine,viloxazine,CCOc1ccccc1OCC1CNCCO1,YWPHCCPCQOJSGZ-UHFFFAOYSA-N,YWPHCCPCQOJSGZ
voriconazole,voriconazole,vfend|voriconazole,C[C@@H](c1ncncc1F)[C@](O)(Cn1cncn1)c1ccc(F)cc1F,BCEHBSKCWLPMDN-MGPLVRAMSA-N,BCEHBSKCWLPMDN
warfarin,warfarin,coumadin|jantoven|warfarin,CC(=O)CC(c1ccccc1)c1c(O)c2ccccc2oc1=O,PJVWKTKQMONHTI-UHFFFAOYSA-N,PJVWKTKQMONHTI
zanubrutinib,zanubrutinib,zanubrutinib,C=CC(=O)N1CCC([C@@H]2CCNc3c(C(N)=O)c(-c4ccc(Oc5ccccc5)cc4)nn32)CC1,RNOAOAWBMHREKO-QFIPXVFZSA-N,RNOAOAWBMHREKO
zileuton,zileuton,zileuton,CC(c1cc2ccccc2s1)N(O)C(N)=O,MWLSOWXNZPKENC-UHFFFAOYSA-N,MWLSOWXNZPKENC
zolpidem,zolpidem,ambien|stilnox|zolpidem,Cc1ccc(-c2nc3ccc(C)cn3c2CC(=O)N(C)C)cc1,ZAFYATHCZYHLPB-UHFFFAOYSA-N,ZAFYATHCZYHLPB
zongertinib,zongertinib,"n-(1-(8-((3-methyl-4-((1-methyl-1h-benzo(d)imidazol-5-yl)oxy)phenyl)amino)pyrimido(5,4-d)pyrimidin-2-yl)piperidin-4-yl)acrylamide|zongertinib",C=CC(=O)NC1CCN(c2ncc3ncnc(Nc4ccc(Oc5ccc6c(c5)ncn6C)c(C)c4)c3n2)CC1,YSGNGFPNTLERCR-UHFFFAOYSA-N,YSGNGFPNTLERCR
