drug_id,enzyme,role,strength
abiraterone,CYP2D6,inhibitor,moderate
acyclovir,CYP1A2,inhibitor,weak
adagrasib,CYP3A,inhibitor,strong
alfentanil,CYP3A,substrate,sensitive
allopurinol,CYP1A2,inhibitor,weak
alosetron,CYP1A2,substrate,sensitive
alprazolam,CYP3A,substrate,moderately_sensitive
amiodarone,CYP2C9,inhibitor,moderate
amiodarone,CYP2D6,inhibitor,weak
amiodarone,CYP3A,inhibitor,weak
apalutamide,CYP2C19,inducer,moderate
apalutamide,CYP2C9,inducer,weak
apalutamide,CYP3A,inducer,strong
aprepitant,CYP2C9,inducer,weak
aprepitant,CYP3A,inhibitor,moderate
aprepitant,CYP3A,substrate,moderately_sensitive
armodafinil,CYP3A,inducer,weak
atomoxetine,CYP2D6,substrate,sensitive
atorvastatin,CYP3A,substrate,moderately_sensitive
avanafil,CYP3A,substrate,sensitive
bosentan,CYP3A,inducer,moderate
brigatinib,CYP3A,substrate,moderately_sensitive
budesonide,CYP3A,substrate,sensitive
bupropion,CYP2B6,substrate,sensitive
bupropion,CYP2D6,inhibitor,strong
buspirone,CYP3A,substrate,sensitive
caffeine,CYP1A2,substrate,sensitive
capmatinib,CYP1A2,inhibitor,moderate
carbamazepine,CYP2B6,inducer,strong
carbamazepine,CYP2C9,inducer,weak
carbamazepine,CYP3A,inducer,strong
celecoxib,CYP2C9,substrate,sensitive
celecoxib,CYP2D6,inhibitor,weak
cenobamate,CYP2C19,inhibitor,moderate
cenobamate,CYP3A,inducer,moderate
ceritinib,CYP2C9,inhibitor,weak
ceritinib,CYP3A,inhibitor,strong
chlorzoxazone,CYP3A,inhibitor,weak
cilostazol,CYP3A,inhibitor,weak
cimetidine,CYP1A2,inhibitor,weak
cimetidine,CYP2D6,inhibitor,weak
cimetidine,CYP3A,inhibitor,weak
cinacalcet,CYP2D6,inhibitor,moderate
ciprofloxacin,CYP1A2,inhibitor,moderate
ciprofloxacin,CYP3A,inhibitor,moderate
clarithromycin,CYP3A,inhibitor,strong
clobazam,CYP2D6,inhibitor,weak
clopidogrel,CYP2B6,inhibitor,weak
clopidogrel,CYP2C8,inhibitor,moderate
clotrimazole,CYP3A,inhibitor,weak
clozapine,CYP1A2,substrate,moderately_sensitive
cobicistat,CYP2D6,inhibitor,weak
cobicistat,CYP3A,inhibitor,strong
colchicine,CYP3A,substrate,moderately_sensitive
conivaptan,CYP3A,inhibitor,moderate
conivaptan,CYP3A,substrate,sensitive
crizotinib,CYP3A,inhibitor,moderate
cyclosporine,CYP3A,inhibitor,weak
dabrafenib,CYP2C9,inducer,weak
dabrafenib,CYP3A,inducer,moderate
darifenacin,CYP3A,substrate,sensitive
darunavir,CYP3A,substrate,sensitive
dasatinib,CYP3A,substrate,sensitive
deferasirox,CYP2C8,inhibitor,moderate
desipramine,CYP2D6,substrate,sensitive
desloratadine,CYP2C8,substrate,moderately_sensitive
dextromethorphan,CYP2D6,substrate,sensitive
diazepam,CYP2C19,substrate,moderately_sensitive
diltiazem,CYP3A,inhibitor,moderate
diosmin,CYP2C9,inhibitor,weak
disulfiram,CYP2C9,inhibitor,weak
dronedarone,CYP3A,inhibitor,moderate
dronedarone,CYP3A,substrate,sensitive
duloxetine,CYP1A2,substrate,sensitive
duloxetine,CYP2D6,inhibitor,moderate
efavirenz,CYP2B6,inducer,moderate
efavirenz,CYP2B6,substrate,moderately_sensitive
efavirenz,CYP2C19,inducer,moderate
efavirenz,CYP3A,inducer,moderate
elagolix,CYP3A,inducer,weak
eletriptan,CYP3A,substrate,sensitive
eliglustat,CYP2D6,substrate,sensitive
eliglustat,CYP3A,substrate,moderately_sensitive
elvitegravir_and_ritonavir,CYP3A,inhibitor,strong
entrectinib,CYP3A,inhibitor,weak
entrectinib,CYP3A,substrate,sensitive
enzalutamide,CYP2C19,inducer,moderate
enzalutamide,CYP2C9,inducer,moderate
enzalutamide,CYP3A,inducer,strong
eplerenone,CYP3A,substrate,sensitive
erythromycin,CYP3A,inhibitor,moderate
escitalopram,CYP2D6,inhibitor,weak
etravirine,CYP3A,inducer,moderate
everolimus,CYP3A,substrate,sensitive
felbamate,CYP2C19,inhibitor,moderate
felodipine,CYP3A,substrate,sensitive
fezolinetant,CYP1A2,substrate,sensitive
fluconazole,CYP2C19,inhibitor,strong
fluconazole,CYP2C9,inhibitor,moderate
fluconazole,CYP3A,inhibitor,moderate
fluoxetine,CYP2C19,inhibitor,strong
fluoxetine,CYP2D6,inhibitor,strong
fluvastatin,CYP2C9,inhibitor,weak
fluvoxamine,CYP1A2,inhibitor,strong
fluvoxamine,CYP2C19,inhibitor,strong
fluvoxamine,CYP2C9,inhibitor,weak
fluvoxamine,CYP2D6,inhibitor,weak
fluvoxamine,CYP3A,inhibitor,weak
fosaprepitant,CYP3A,inhibitor,weak
fostamatinib,CYP3A,substrate,moderately_sensitive
gemfibrozil,CYP2C8,inhibitor,strong
glimepiride,CYP2C9,substrate,moderately_sensitive
grapefruit_juice,CYP3A,inhibitor,moderate
ibrutinib,CYP3A,substrate,sensitive
idelalisib,CYP3A,inhibitor,strong
imatinib,CYP3A,inhibitor,moderate
imipramine,CYP2D6,substrate,moderately_sensitive
indinavir,CYP3A,substrate,sensitive
indinavir_and_ritonavir,CYP3A,inhibitor,strong
isavuconazole,CYP2B6,inducer,weak
isavuconazole,CYP3A,inhibitor,moderate
isavuconazole,CYP3A,substrate,sensitive
istradefylline,CYP3A,inhibitor,weak
itraconazole,CYP3A,inhibitor,strong
ivabradine,CYP3A,substrate,sensitive
ivacaftor,CYP3A,inhibitor,weak
ivosidenib,CYP3A,inducer,strong
ketoconazole,CYP3A,inhibitor,strong
labetalol,CYP2D6,inhibitor,weak
lansoprazole,CYP2C19,substrate,moderately_sensitive
larotrectinib,CYP3A,inhibitor,weak
larotrectinib,CYP3A,substrate,moderately_sensitive
lazertinib,CYP3A,inhibitor,weak
lemborexant,CYP2B6,inducer,weak
lemborexant,CYP3A,substrate,sensitive
leniolisib,CYP3A,substrate,moderately_sensitive
lomitapide,CYP3A,inhibitor,weak
lomitapide,CYP3A,substrate,sensitive
loperamide,CYP2C8,substrate,moderately_sensitive
loperamide,CYP3A,substrate,moderately_sensitive
lopinavir_and_ritonavir,CYP3A,inhibitor,strong
lorcaserin,CYP2D6,inhibitor,moderate
lorlatinib,CYP2B6,inducer,weak
lorlatinib,CYP2C9,inducer,weak
lorlatinib,CYP3A,inducer,moderate
lovastatin,CYP3A,substrate,sensitive
lumacaftor_and_ivacaftor,CYP3A,inducer,strong
lurasidone,CYP3A,substrate,sensitive
maraviroc,CYP3A,substrate,sensitive
melatonin,CYP1A2,substrate,sensitive
methoxsalen,CYP1A2,inhibitor,moderate
metoprolol,CYP2D6,substrate,moderately_sensitive
mexiletine,CYP1A2,inhibitor,moderate
miconazole,CYP2C9,inhibitor,moderate
midazolam,CYP3A,substrate,sensitive
mirabegron,CYP2D6,inhibitor,moderate
mitotane,CYP3A,inducer,strong
mobocertinib,CYP3A,inducer,weak
mobocertinib,CYP3A,substrate,sensitive
modafinil,CYP3A,inducer,weak
montelukast,CYP2C8,substrate,moderately_sensitive
naloxegol,CYP3A,substrate,sensitive
nebivolol,CYP2D6,substrate,sensitive
nefazodone,CYP3A,inhibitor,strong
nelfinavir,CYP3A,inhibitor,strong
nevirapine,CYP2B6,inducer,weak
nisoldipine,CYP3A,substrate,sensitive
nortriptyline,CYP2D6,substrate,moderately_sensitive
omeprazole,CYP2C19,inhibitor,weak
omeprazole,CYP2C19,substrate,sensitive
oral_contraceptives,CYP1A2,inhibitor,moderate
paritaprevir_and_ritonavir_and_ombitasvir_and_or_dasabuvir,CYP3A,inhibitor,strong
paroxetine,CYP2D6,inhibitor,strong
peginterferon_alpha_2a,CYP1A2,inhibitor,weak
perphenazine,CYP2D6,substrate,sensitive
pexidartinib,CYP3A,inducer,moderate
phenobarbital,CYP3A,inducer,moderate
phenytoin,CYP1A2,inducer,moderate
phenytoin,CYP2C19,inducer,moderate
phenytoin,CYP2C9,substrate,moderately_sensitive
phenytoin,CYP3A,inducer,strong
pimozide,CYP2D6,substrate,moderately_sensitive
pimozide,CYP3A,substrate,moderately_sensitive
pioglitazone,CYP2C8,substrate,moderately_sensitive
piperine,CYP1A2,inhibitor,weak
piperine,CYP2C9,inhibitor,moderate
pirfenidone,CYP1A2,substrate,moderately_sensitive
pirtobrutinib,CYP2C19,inhibitor,weak
pirtobrutinib,CYP2C8,inhibitor,moderate
pirtobrutinib,CYP3A,inhibitor,weak
posaconazole,CYP3A,inhibitor,strong
pralsetinib,CYP3A,substrate,moderately_sensitive
primidone,CYP3A,inducer,moderate
propafenone,CYP2D6,substrate,moderately_sensitive
propranolol,CYP2D6,substrate,moderately_sensitive
quetiapine,CYP3A,substrate,sensitive
quinidine,CYP2D6,inhibitor,strong
r_venlafaxine,CYP2D6,substrate,sensitive
rabeprazole,CYP2C19,substrate,moderately_sensitive
ramelteon,CYP1A2,substrate,sensitive
ranitidine,CYP3A,inhibitor,weak
ranolazine,CYP3A,inhibitor,weak
repaglinide,CYP2C8,substrate,sensitive
repotrectinib,CYP3A,inducer,moderate
repotrectinib,CYP3A,substrate,sensitive
resmetirom,CYP2C8,inhibitor,weak
resmetirom,CYP2C8,substrate,moderately_sensitive
rifampicin,CYP1A2,inducer,moderate
rifampicin,CYP2B6,inducer,moderate
rifampicin,CYP2C19,inducer,strong
rifampicin,CYP2C8,inducer,moderate
rifampicin,CYP2C9,inducer,moderate
rifampicin,CYP3A,inducer,strong
rilpivirine,CYP3A,substrate,moderately_sensitive
ritonavir,CYP2B6,inducer,weak
ritonavir,CYP2C19,inducer,weak
ritonavir,CYP2C9,inducer,weak
ritonavir,CYP3A,inhibitor,strong
rivaroxaban,CYP3A,substrate,moderately_sensitive
rolapitant,CYP2D6,inhibitor,moderate
rosiglitazone,CYP2C8,substrate,moderately_sensitive
rufinamide,CYP3A,inducer,weak
s_mephenytoin,CYP2C19,substrate,sensitive
s_venlafaxine,CYP2D6,substrate,moderately_sensitive
saquinavir,CYP3A,substrate,sensitive
saquinavir_and_ritonavir,CYP3A,inhibitor,strong
selexipag,CYP2C8,substrate,sensitive
selpercatinib,CYP2C8,inhibitor,moderate
selpercatinib,CYP3A,inhibitor,weak
selpercatinib,CYP3A,substrate,moderately_sensitive
sertraline,CYP2D6,inhibitor,weak
sevabertinib,CYP3A,inhibitor,weak
sevabertinib,CYP3A,substrate,moderately_sensitive
sildenafil,CYP3A,substrate,sensitive
simvastatin,CYP3A,substrate,sensitive
sirolimus,CYP3A,substrate,sensitive
sotorasib,CYP3A,inducer,moderate
st_john_s_wort,CYP3A,inducer,strong
tacrolimus,CYP3A,substrate,sensitive
tadalafil,CYP3A,substrate,moderately_sensitive
taletrectinib,CYP3A,substrate,moderately_sensitive
tasimelteon,CYP1A2,substrate,sensitive
tazemetostat,CYP2C8,inhibitor,weak
tazemetostat,CYP3A,inducer,weak
tazemetostat,CYP3A,substrate,moderately_sensitive
telithromycin,CYP3A,inhibitor,strong
tenofovir,CYP2B6,inhibitor,weak
terbinafine,CYP2D6,inhibitor,strong
teriflunomide,CYP1A2,inducer,moderate
teriflunomide,CYP2C8,inhibitor,moderate
theophylline,CYP1A2,substrate,moderately_sensitive
ticagrelor,CYP3A,inhibitor,weak
ticagrelor,CYP3A,substrate,sensitive
ticlopidine,CYP2B6,inhibitor,weak
ticlopidine,CYP2C19,inhibitor,strong
tipranavir,CYP3A,substrate,sensitive
tipranavir_and_ritonavir,CYP3A,inhibitor,strong
tizanidine,CYP1A2,substrate,sensitive
tobacco_smoking,CYP1A2,inducer,moderate
tolbutamide,CYP2C9,substrate,moderately_sensitive
tolterodine,CYP2D6,substrate,sensitive
tolvaptan,CYP3A,substrate,sensitive
tramadol,CYP2D6,substrate,moderately_sensitive
triazolam,CYP3A,substrate,sensitive
trimethoprim,CYP2C8,inhibitor,weak
trimipramine,CYP2D6,substrate,moderately_sensitive
tucatinib,CYP2C8,inhibitor,weak
tucatinib,CYP2C8,substrate,moderately_sensitive
tucatinib,CYP3A,inhibitor,strong
vardenafil,CYP3A,substrate,sensitive
vemurafenib,CYP1A2,inhibitor,moderate
vemurafenib,CYP2D6,inhibitor,weak
vemurafenib,CYP3A,inducer,weak
venetoclax,CYP3A,substrate,sensitive
verapamil,CYP3A,inhibitor,moderate
voriconazole,CYP2B6,inhibitor,weak
voriconazole,CYP2C19,inhibitor,moderate
voriconazole,CYP2C19,substrate,moderately_sensitive
voriconazole,CYP2C9,inhibitor,weak
voriconazole,CYP3A,inhibitor,strong
warfarin,CYP2C9,substrate,moderately_sensitive
zanubrutinib,CYP2C19,inducer,weak
zanubrutinib,CYP3A,inducer,weak
zanubrutinib,CYP3A,substrate,moderately_sensitive
zileuton,CYP1A2,inhibitor,weak
